neighbourhood_group,neighbourhood,number_of_reviews,last_review,reviews_per_month
Brooklyn,Kensington,9,19-10-18,0.21
Manhattan,Midtown,45,21-05-19,0.38
Manhattan,Harlem,0,,
Brooklyn,Clinton Hill,270,05-07-19,4.64
Manhattan,East Harlem,9,19-11-18,0.1
Manhattan,Murray Hill,74,22-06-19,0.59
Brooklyn,Bedford-Stuyvesant,49,05-10-17,0.4
Manhattan,Hell's Kitchen,430,24-06-19,3.47
Manhattan,Upper West Side,118,21-07-17,0.99
Manhattan,Chinatown,160,09-06-19,1.33
Manhattan,Upper West Side,53,22-06-19,0.43
Manhattan,Hell's Kitchen,188,23-06-19,1.5
Brooklyn,South Slope,167,24-06-19,1.34
Manhattan,Upper West Side,113,05-07-19,0.91
Manhattan,West Village,27,31-10-18,0.22
Brooklyn,Williamsburg,148,29-06-19,1.2
Brooklyn,Fort Greene,198,28-06-19,1.72
Manhattan,Chelsea,260,01-07-19,2.12
Brooklyn,Crown Heights,53,22-06-19,4.44
Manhattan,East Harlem,0,,
Brooklyn,Williamsburg,9,28-12-11,0.07
Brooklyn,Park Slope,130,01-07-19,1.09
Brooklyn,Park Slope,39,01-01-19,0.37
Brooklyn,Park Slope,71,02-07-19,0.61
Brooklyn,Bedford-Stuyvesant,88,19-06-19,0.73
Brooklyn,Windsor Terrace,19,23-06-19,1.37
Manhattan,Inwood,0,,
Manhattan,Hell's Kitchen,58,13-08-17,0.49
Manhattan,Inwood,108,15-06-19,1.11
Manhattan,East Village,29,19-04-19,0.24
Manhattan,Harlem,242,01-06-19,2.04
Manhattan,Harlem,88,14-06-19,1.42
Brooklyn,Greenpoint,197,15-06-19,1.65
Manhattan,Harlem,273,01-07-19,2.37
Brooklyn,Bedford-Stuyvesant,74,12-05-19,0.66
Brooklyn,South Slope,168,21-06-19,1.41
Brooklyn,Bedford-Stuyvesant,0,,
Brooklyn,Bushwick,231,22-06-19,1.96
Brooklyn,Flatbush,0,,
Manhattan,Lower East Side,214,05-07-19,1.81
Manhattan,East Village,245,21-06-19,2.08
Brooklyn,South Slope,15,27-05-19,0.39
Brooklyn,Fort Greene,25,30-09-18,0.23
Manhattan,Upper West Side,81,16-06-19,0.69
Manhattan,Harlem,97,13-06-19,0.84
Brooklyn,Prospect-Lefferts Gardens,11,05-06-19,0.49
Queens,Long Island City,248,01-07-19,2.25
Brooklyn,Bedford-Stuyvesant,61,25-05-19,0.52
Brooklyn,Bedford-Stuyvesant,11,01-01-17,0.1
Brooklyn,Fort Greene,135,17-06-19,1.16
Brooklyn,Bedford-Stuyvesant,112,16-06-19,1.01
Manhattan,Upper West Side,73,07-07-19,0.63
Brooklyn,Williamsburg,82,17-05-19,0.7
Brooklyn,Greenpoint,328,29-06-19,2.82
Manhattan,Kips Bay,19,25-03-19,0.22
Brooklyn,Williamsburg,105,22-06-19,0.9
Manhattan,Lower East Side,19,18-05-19,0.17
Manhattan,Hell's Kitchen,289,09-06-19,2.49
Brooklyn,Greenpoint,138,04-06-19,1.19
Manhattan,SoHo,21,29-06-19,0.3
Brooklyn,Williamsburg,42,30-06-19,0.38
Manhattan,Chelsea,5,03-11-18,0.12
Manhattan,Upper East Side,66,30-03-19,0.57
Brooklyn,Prospect Heights,143,26-01-19,1.33
Brooklyn,Clinton Hill,27,30-09-17,0.23
Manhattan,Hell's Kitchen,191,16-05-19,1.65
Brooklyn,Park Slope,4,24-09-17,0.16
Manhattan,East Village,338,01-07-19,4.72
Brooklyn,Williamsburg,148,23-06-19,1.4
Manhattan,East Village,106,21-06-19,1.26
Manhattan,East Harlem,190,23-06-19,1.64
Manhattan,East Village,49,14-05-18,0.43
Manhattan,Hell's Kitchen,23,01-06-19,0.43
Manhattan,Washington Heights,49,18-06-19,1.6
Brooklyn,Clinton Hill,105,26-06-19,0.92
Manhattan,East Village,21,02-01-19,0.2
Manhattan,Upper East Side,142,06-07-19,1.5
Queens,Woodside,25,31-05-19,0.22
Brooklyn,Fort Greene,143,16-06-19,1.28
Manhattan,Chelsea,167,28-05-19,1.65
Brooklyn,Williamsburg,61,22-04-19,0.54
Manhattan,Harlem,54,23-03-19,0.49
Manhattan,Lower East Side,70,30-06-19,0.62
Brooklyn,Flatbush,16,15-06-19,0.15
Manhattan,Lower East Side,94,08-04-19,0.84
Brooklyn,Brooklyn Heights,25,04-08-16,0.24
Brooklyn,Williamsburg,61,09-08-18,0.53
Manhattan,East Village,194,30-06-19,1.73
Manhattan,East Village,2,14-02-16,0.05
Brooklyn,Williamsburg,174,22-06-19,1.54
Brooklyn,Bushwick,24,26-05-19,0.28
Brooklyn,Prospect Heights,166,27-06-19,3.4
Brooklyn,Clinton Hill,16,31-05-19,0.2
Brooklyn,Prospect Heights,21,21-05-19,0.3
Brooklyn,Williamsburg,168,22-07-18,1.57
Brooklyn,Bushwick,118,18-06-19,1.05
Manhattan,Upper West Side,81,07-07-19,0.71
Manhattan,Harlem,1,09-10-18,0.11
Manhattan,Chelsea,30,01-05-19,0.27
Brooklyn,Bedford-Stuyvesant,139,28-10-18,1.23
Manhattan,Harlem,11,03-01-19,0.87
Brooklyn,Carroll Gardens,233,24-06-19,2.09
Manhattan,Washington Heights,68,01-11-12,0.6
Manhattan,West Village,46,18-05-19,0.55
Brooklyn,Williamsburg,335,29-05-19,3.02
Brooklyn,Park Slope,88,02-11-18,0.79
Brooklyn,Bedford-Stuyvesant,162,28-06-19,1.46
Brooklyn,Williamsburg,29,26-05-18,0.4
Manhattan,Harlem,170,23-06-19,1.61
Brooklyn,Gowanus,19,17-03-17,0.2
Manhattan,Hell's Kitchen,334,16-06-19,3
Brooklyn,Clinton Hill,19,02-06-19,0.2
Manhattan,East Village,12,11-12-17,0.13
Brooklyn,South Slope,467,30-12-18,4.22
Manhattan,East Village,7,09-08-17,0.06
Manhattan,Kips Bay,38,02-12-15,0.38
Brooklyn,Williamsburg,324,23-06-19,3.01
Manhattan,Upper West Side,27,27-04-19,0.27
Manhattan,East Village,115,07-06-19,1.05
Brooklyn,South Slope,354,20-05-19,3.2
Manhattan,Harlem,195,01-07-19,2.03
Brooklyn,South Slope,16,30-12-18,0.24
Manhattan,Upper West Side,13,26-06-19,0.12
Manhattan,East Village,25,10-12-11,0.23
Brooklyn,Prospect-Lefferts Gardens,9,05-10-18,0.08
Brooklyn,Williamsburg,9,18-09-11,0.08
Manhattan,Upper East Side,21,15-08-17,0.19
Manhattan,Washington Heights,36,17-08-17,0.33
Brooklyn,Bedford-Stuyvesant,63,14-05-19,0.58
Manhattan,Harlem,155,20-06-19,1.42
Brooklyn,Clinton Hill,260,03-07-19,2.35
Manhattan,East Village,73,25-06-19,0.66
Brooklyn,Greenpoint,193,20-05-19,1.86
Manhattan,Lower East Side,32,14-06-19,0.29
Manhattan,Hell's Kitchen,50,26-05-19,0.45
Manhattan,West Village,26,01-07-19,0.25
Brooklyn,Flatlands,2,01-01-19,0.02
Brooklyn,Clinton Hill,426,24-06-19,3.89
Brooklyn,Bedford-Stuyvesant,227,23-06-19,2.09
Brooklyn,Clinton Hill,84,01-07-19,0.77
Brooklyn,Greenpoint,3,30-07-17,0.03
Brooklyn,Williamsburg,10,11-06-18,0.1
Brooklyn,Cobble Hill,4,24-04-16,0.04
Queens,Flushing,1,19-09-11,0.01
Brooklyn,Bedford-Stuyvesant,124,20-06-19,1.72
Brooklyn,Williamsburg,11,02-07-19,0.11
Brooklyn,Williamsburg,240,17-06-19,2.19
Manhattan,East Village,30,17-06-19,0.28
Brooklyn,Williamsburg,200,22-06-19,1.86
Brooklyn,Fort Greene,27,29-06-19,1.05
Manhattan,West Village,79,22-06-19,0.74
Brooklyn,Prospect Heights,9,10-05-13,0.09
Brooklyn,Williamsburg,155,13-06-19,1.61
Brooklyn,Prospect Heights,4,27-08-18,0.05
Manhattan,East Harlem,34,29-05-17,0.32
Manhattan,West Village,134,31-03-19,1.24
Brooklyn,Williamsburg,27,27-12-18,0.25
Manhattan,Upper East Side,126,26-06-19,1.16
Brooklyn,Boerum Hill,23,31-12-18,0.27
Manhattan,Upper East Side,234,08-06-19,2.6
Brooklyn,Williamsburg,202,28-05-19,1.86
Queens,Sunnyside,28,12-04-19,0.26
Brooklyn,Bedford-Stuyvesant,309,22-06-19,2.86
Brooklyn,DUMBO,14,25-04-11,0.13
Manhattan,Upper East Side,4,23-09-16,0.08
Brooklyn,Gowanus,80,06-07-19,2.17
Manhattan,Harlem,2,02-11-15,0.04
Brooklyn,Clinton Hill,294,24-06-19,3.47
Brooklyn,Carroll Gardens,150,18-06-19,1.4
Staten Island,St. George,166,13-06-19,1.66
Brooklyn,Bushwick,47,19-06-19,0.94
Bronx,Highbridge,219,04-07-19,2.04
Brooklyn,Williamsburg,193,06-07-16,1.78
Manhattan,East Village,84,23-06-19,0.78
Manhattan,Financial District,114,20-06-19,1.06
Brooklyn,Fort Greene,213,24-06-19,2
Manhattan,West Village,86,01-06-19,0.8
Manhattan,Harlem,80,26-05-19,0.75
Manhattan,West Village,38,20-04-16,0.36
Manhattan,Harlem,18,17-12-18,1.79
Brooklyn,Fort Greene,206,30-06-19,1.92
Queens,Ridgewood,10,12-05-19,0.11
Manhattan,Morningside Heights,122,14-05-19,1.18
Brooklyn,Williamsburg,33,08-04-19,0.58
Brooklyn,Park Slope,52,05-06-19,0.5
Brooklyn,Bedford-Stuyvesant,126,19-05-19,1.17
Brooklyn,Prospect Heights,51,24-06-19,0.48
Manhattan,Upper East Side,199,24-06-19,1.85
Brooklyn,Bedford-Stuyvesant,30,03-09-12,0.29
Manhattan,Chelsea,3,17-07-15,0.03
Manhattan,Hell's Kitchen,41,26-06-19,0.38
Manhattan,Lower East Side,109,15-06-19,1.04
Brooklyn,South Slope,151,22-06-19,1.43
Manhattan,Upper East Side,0,,
Manhattan,Lower East Side,285,22-06-19,2.69
Manhattan,Chelsea,375,18-06-19,3.52
Queens,Jamaica,52,20-05-19,0.49
Manhattan,Hell's Kitchen,10,01-07-19,1.01
Brooklyn,Bedford-Stuyvesant,11,13-11-17,0.48
Queens,Middle Village,33,09-05-15,0.31
Queens,Ridgewood,6,08-10-15,0.06
Queens,Middle Village,38,27-04-19,0.38
Brooklyn,Williamsburg,358,20-06-19,3.44
Manhattan,Hell's Kitchen,10,07-01-14,0.09
Manhattan,Harlem,0,,
Brooklyn,Prospect Heights,226,06-06-19,2.12
Manhattan,Harlem,104,22-06-19,1
Bronx,Highbridge,138,30-06-19,1.45
Manhattan,East Harlem,204,23-06-19,1.92
Brooklyn,Williamsburg,253,02-07-19,3.04
Brooklyn,Bedford-Stuyvesant,23,01-07-19,0.22
Manhattan,NoHo,115,05-12-18,1.17
Manhattan,West Village,129,19-05-19,1.22
Brooklyn,Williamsburg,82,10-06-19,1.13
Brooklyn,Fort Greene,37,31-12-18,0.35
Manhattan,East Village,204,01-07-19,2.04
Brooklyn,Greenpoint,69,13-06-19,0.65
Manhattan,Harlem,192,03-06-19,1.84
Queens,Ditmars Steinway,17,17-06-19,0.16
Brooklyn,Cobble Hill,222,24-06-19,2.12
Manhattan,East Village,205,23-06-19,1.96
Manhattan,Hell's Kitchen,94,09-06-19,0.96
Manhattan,East Village,7,24-05-19,0.07
Manhattan,Flatiron District,108,30-06-19,1.09
Manhattan,Harlem,222,26-06-19,2.1
Manhattan,Harlem,458,03-07-19,4.58
Brooklyn,Windsor Terrace,21,17-05-19,0.26
Manhattan,Roosevelt Island,17,08-05-19,0.3
Manhattan,Lower East Side,41,02-01-19,0.39
Queens,Ridgewood,1,17-09-12,0.01
Brooklyn,Greenpoint,69,19-05-19,0.67
Manhattan,Chinatown,18,01-07-19,0.18
Manhattan,Midtown,82,05-01-16,0.78
Manhattan,SoHo,94,23-06-19,0.99
Manhattan,Greenwich Village,10,11-05-19,0.1
Manhattan,East Harlem,183,29-09-18,1.83
Manhattan,Harlem,189,11-06-19,1.82
Manhattan,Harlem,1,07-10-18,0.11
Manhattan,East Village,127,20-06-19,1.22
Manhattan,Upper West Side,4,25-08-17,0.04
Manhattan,East Harlem,135,20-06-19,1.3
Manhattan,Little Italy,21,12-12-15,0.2
Manhattan,Chelsea,35,27-07-17,0.34
Manhattan,Harlem,10,01-06-19,2.21
Manhattan,Chinatown,171,23-06-19,1.8
Manhattan,Midtown,92,30-04-19,0.9
Brooklyn,East Flatbush,238,14-06-19,2.3
Manhattan,East Village,56,26-05-19,0.58
Brooklyn,Bushwick,111,22-06-19,2.13
Staten Island,Tompkinsville,193,25-06-19,1.85
Staten Island,Tompkinsville,147,10-06-19,1.44
Staten Island,Tompkinsville,177,02-07-19,1.71
Manhattan,East Village,185,24-05-19,1.78
Manhattan,Chelsea,62,21-06-19,0.7
Brooklyn,Greenpoint,124,16-06-19,1.22
Brooklyn,Williamsburg,181,23-06-19,1.77
Staten Island,Tompkinsville,333,02-07-19,3.19
Queens,Astoria,441,24-06-19,4.5
Brooklyn,Kensington,45,16-05-19,0.46
Brooklyn,Park Slope,9,29-08-16,0.09
Bronx,Clason Point,0,,
Bronx,Eastchester,38,27-06-19,0.5
Brooklyn,Bedford-Stuyvesant,248,25-06-19,2.39
Manhattan,East Village,143,19-06-19,1.38
Brooklyn,Bedford-Stuyvesant,36,19-08-18,0.41
Manhattan,Inwood,0,,
Brooklyn,Williamsburg,14,07-01-19,0.14
Manhattan,East Village,0,,
Brooklyn,Crown Heights,279,24-06-19,2.69
Brooklyn,Bedford-Stuyvesant,18,02-01-19,0.22
Brooklyn,Crown Heights,50,26-05-19,3.55
Brooklyn,Crown Heights,227,27-06-19,2.27
Manhattan,Little Italy,1,02-01-19,0.16
Manhattan,East Village,203,23-06-19,1.96
Manhattan,Upper West Side,210,06-07-19,2.1
Brooklyn,Bedford-Stuyvesant,64,05-01-19,0.67
Brooklyn,Williamsburg,0,,
Manhattan,East Village,5,03-01-19,0.15
Brooklyn,Williamsburg,49,29-06-19,0.48
Brooklyn,Williamsburg,132,07-07-19,1.27
Manhattan,Harlem,20,02-01-19,0.26
Brooklyn,Park Slope,11,02-05-13,0.11
Brooklyn,Carroll Gardens,51,01-07-19,0.57
Brooklyn,Crown Heights,15,30-06-19,0.15
Manhattan,East Village,67,25-06-19,1.31
Manhattan,Lower East Side,109,23-06-19,1.11
Brooklyn,Williamsburg,9,16-02-19,0.11
Manhattan,Harlem,187,23-06-19,1.87
Brooklyn,Park Slope,214,23-06-19,2.08
Brooklyn,Gowanus,69,01-07-19,0.79
Manhattan,East Harlem,22,15-06-19,0.26
Brooklyn,Williamsburg,56,06-05-19,0.56
Manhattan,Morningside Heights,93,22-06-19,0.93
Manhattan,Upper West Side,104,25-06-19,1.05
Manhattan,Harlem,64,06-07-18,0.68
Brooklyn,Bedford-Stuyvesant,127,24-06-19,1.25
Manhattan,Upper West Side,30,13-06-19,0.32
Brooklyn,Carroll Gardens,106,27-06-19,1.34
Brooklyn,Greenpoint,6,13-11-16,0.1
Manhattan,Little Italy,191,20-06-19,1.88
Manhattan,Upper West Side,48,11-06-19,0.55
Brooklyn,Bushwick,47,29-06-19,0.49
Manhattan,Inwood,120,30-06-19,1.27
Manhattan,East Village,52,10-01-19,0.63
Manhattan,East Village,48,16-06-19,0.48
Manhattan,Washington Heights,32,24-05-19,0.43
Manhattan,Chinatown,43,17-06-19,0.42
Manhattan,West Village,39,25-06-19,0.44
Brooklyn,Greenpoint,50,13-05-14,0.5
Bronx,Kingsbridge,4,02-01-19,0.35
Manhattan,Upper West Side,38,15-02-19,0.39
Brooklyn,Greenpoint,29,16-06-19,0.36
Brooklyn,Williamsburg,59,23-06-19,0.6
Brooklyn,Williamsburg,68,07-06-19,0.67
Manhattan,East Harlem,26,25-11-15,0.27
Manhattan,Harlem,31,22-08-12,0.31
Queens,Astoria,198,31-05-19,2.01
Brooklyn,Greenpoint,1,28-03-11,0.01
Brooklyn,Williamsburg,220,22-06-19,2.17
Manhattan,Lower East Side,286,27-06-19,2.81
Brooklyn,South Slope,398,28-06-19,3.97
Brooklyn,Greenpoint,36,01-07-19,0.36
Manhattan,Hell's Kitchen,36,14-06-19,0.36
Brooklyn,Boerum Hill,6,05-02-16,0.1
Brooklyn,Clinton Hill,14,20-04-19,0.3
Brooklyn,Williamsburg,76,31-03-19,0.76
Manhattan,East Village,182,04-07-19,1.81
Brooklyn,Greenpoint,8,27-03-16,0.09
Brooklyn,Greenpoint,7,24-05-19,0.07
Brooklyn,Park Slope,34,25-09-18,0.51
Brooklyn,Greenpoint,2,12-05-11,0.02
Brooklyn,Brooklyn Heights,66,16-09-16,0.68
Brooklyn,Brooklyn Heights,80,30-06-19,0.85
Manhattan,East Village,240,06-06-19,2.4
Brooklyn,Bedford-Stuyvesant,46,02-07-19,1.07
Brooklyn,Bushwick,228,10-06-19,2.27
Brooklyn,Fort Greene,5,03-09-18,0.05
Brooklyn,Williamsburg,8,26-08-18,0.11
Manhattan,East Village,33,02-01-19,0.33
Brooklyn,Greenpoint,13,27-06-19,0.14
Brooklyn,Crown Heights,5,22-07-18,0.05
Manhattan,East Village,388,26-06-19,3.88
Manhattan,Two Bridges,223,23-06-19,2.22
Brooklyn,Crown Heights,11,14-01-19,0.11
Manhattan,Lower East Side,151,24-06-19,1.51
Brooklyn,Clinton Hill,0,,
Brooklyn,Bedford-Stuyvesant,218,28-06-19,2.26
Brooklyn,Bedford-Stuyvesant,75,23-06-19,0.76
Queens,Astoria,42,06-07-19,1.21
Brooklyn,Crown Heights,0,,
Brooklyn,Bedford-Stuyvesant,370,05-07-19,3.74
Brooklyn,Crown Heights,104,21-06-19,1.04
Brooklyn,Williamsburg,13,18-07-16,0.13
Brooklyn,Bedford-Stuyvesant,4,26-12-18,0.07
Brooklyn,Clinton Hill,11,07-06-19,0.11
Manhattan,Kips Bay,1,03-01-12,0.01
Manhattan,Chelsea,19,11-06-18,0.19
Manhattan,East Harlem,131,26-05-19,1.31
Brooklyn,Fort Greene,15,01-05-19,0.15
Manhattan,Washington Heights,136,17-06-19,1.37
Queens,Queens Village,43,08-07-19,0.45
Brooklyn,Gowanus,98,28-06-19,0.99
Brooklyn,Williamsburg,31,01-03-19,0.31
Manhattan,Upper West Side,45,01-01-18,0.46
Brooklyn,Williamsburg,124,26-06-19,1.76
Brooklyn,Greenpoint,9,19-05-18,0.09
Manhattan,East Village,166,27-05-19,1.68
Queens,Rockaway Beach,13,21-09-15,0.13
Brooklyn,Crown Heights,15,05-01-19,0.16
Manhattan,Harlem,380,26-06-19,3.83
Brooklyn,Bedford-Stuyvesant,86,16-06-19,0.87
Brooklyn,Greenpoint,248,20-06-19,2.53
Manhattan,Upper West Side,49,19-06-19,0.56
Manhattan,Midtown,54,03-07-19,0.57
Brooklyn,Crown Heights,3,01-01-13,0.03
Manhattan,Harlem,1,02-01-16,0.02
Manhattan,Upper East Side,56,28-12-18,0.57
Brooklyn,Fort Greene,163,24-05-19,1.66
Brooklyn,Crown Heights,247,21-06-19,2.51
Manhattan,Hell's Kitchen,116,11-05-19,1.17
Brooklyn,South Slope,27,19-05-19,0.28
Manhattan,Lower East Side,52,08-06-19,0.6
Manhattan,Midtown,39,24-09-18,0.4
Manhattan,Harlem,35,01-06-19,0.35
Manhattan,Harlem,320,23-06-19,3.23
Queens,Astoria,30,16-06-19,0.32
Brooklyn,Crown Heights,225,24-06-19,2.27
Brooklyn,Brooklyn Heights,95,26-05-18,0.96
Brooklyn,Bedford-Stuyvesant,70,28-06-19,0.75
Manhattan,Chelsea,35,03-01-19,0.36
Manhattan,East Village,0,,
Brooklyn,Williamsburg,50,02-07-19,0.51
Brooklyn,Williamsburg,29,23-06-19,0.31
Brooklyn,Park Slope,23,02-05-16,0.23
Manhattan,Harlem,142,16-06-19,1.44
Manhattan,East Village,70,01-07-19,0.73
Brooklyn,Bedford-Stuyvesant,38,03-06-19,0.54
Brooklyn,Kensington,82,19-05-19,0.94
Manhattan,East Village,403,07-07-19,4.1
Manhattan,Upper West Side,3,06-11-14,0.03
Brooklyn,Gowanus,3,04-08-14,0.03
Manhattan,Harlem,116,13-06-19,1.18
Brooklyn,Greenpoint,175,07-07-19,1.79
Queens,Forest Hills,28,01-07-19,1.21
Manhattan,West Village,24,26-12-17,0.25
Brooklyn,Williamsburg,15,06-06-16,0.15
Manhattan,Murray Hill,105,06-06-19,1.07
Brooklyn,Williamsburg,22,30-05-19,0.38
Brooklyn,East Flatbush,263,24-06-19,2.69
Brooklyn,Fort Greene,86,20-06-19,0.91
Manhattan,Chelsea,10,01-01-17,0.1
Brooklyn,Park Slope,18,27-05-19,0.21
Brooklyn,Greenpoint,8,08-07-18,0.21
Brooklyn,Crown Heights,70,31-01-19,0.73
Brooklyn,Williamsburg,150,05-07-19,1.55
Brooklyn,Crown Heights,115,25-05-17,1.18
Manhattan,East Village,69,26-05-19,0.71
Brooklyn,Boerum Hill,232,22-06-19,2.41
Brooklyn,Park Slope,35,13-01-18,0.41
Manhattan,Nolita,18,01-10-13,0.21
Manhattan,Nolita,68,10-06-19,0.69
Manhattan,East Village,22,10-11-14,0.23
Manhattan,Harlem,17,18-05-19,0.17
Manhattan,East Village,34,05-01-16,0.58
Brooklyn,Williamsburg,8,06-06-14,0.08
Manhattan,Chelsea,0,,
Manhattan,Upper West Side,2,06-07-18,0.08
Brooklyn,Windsor Terrace,52,27-04-19,0.72
Manhattan,Harlem,74,16-06-19,0.76
Manhattan,Greenwich Village,18,31-05-13,0.19
Brooklyn,Williamsburg,72,11-05-19,0.86
Manhattan,Upper West Side,191,29-06-19,2.18
Manhattan,Upper East Side,0,,
Bronx,Woodlawn,197,23-06-19,2.49
Manhattan,Lower East Side,19,06-07-19,0.2
Queens,Astoria,414,03-07-19,4.34
Brooklyn,Williamsburg,8,11-12-18,0.09
Brooklyn,Park Slope,0,,
Manhattan,East Village,25,12-02-19,0.3
Manhattan,Harlem,119,28-05-19,1.22
Manhattan,Harlem,203,06-07-19,2.14
Queens,Sunnyside,53,16-11-18,0.55
Brooklyn,Greenpoint,104,16-06-19,1.09
Manhattan,East Village,175,28-06-19,1.8
Manhattan,Harlem,38,08-05-18,0.42
Brooklyn,Williamsburg,39,02-05-19,0.5
Brooklyn,Bedford-Stuyvesant,88,16-06-19,0.91
Brooklyn,Bedford-Stuyvesant,27,08-10-17,0.28
Brooklyn,Williamsburg,117,29-06-19,1.28
Brooklyn,Clinton Hill,43,20-05-19,0.44
Brooklyn,Greenpoint,4,13-03-15,0.05
Brooklyn,Williamsburg,385,29-06-19,4
Brooklyn,Bedford-Stuyvesant,64,01-07-19,0.68
Brooklyn,Bedford-Stuyvesant,39,24-06-19,0.41
Manhattan,Chelsea,37,03-07-19,1.79
Manhattan,Upper West Side,10,01-01-19,0.12
Manhattan,East Village,103,24-06-19,1.08
Queens,Sunnyside,41,01-06-19,0.43
Brooklyn,Williamsburg,3,31-08-14,0.03
Manhattan,Harlem,227,26-06-19,2.33
Brooklyn,Williamsburg,37,27-12-18,0.79
Brooklyn,Crown Heights,29,28-06-19,0.35
Brooklyn,Williamsburg,205,31-12-17,2.31
Manhattan,Harlem,42,03-06-19,0.44
Manhattan,East Village,280,05-07-19,2.92
Brooklyn,Greenpoint,86,08-06-19,0.89
Manhattan,SoHo,54,16-06-19,0.56
Brooklyn,Carroll Gardens,7,29-08-18,0.07
Manhattan,Morningside Heights,57,01-01-19,0.59
Queens,Sunnyside,31,01-05-19,0.32
Manhattan,Upper West Side,188,23-08-18,1.94
Brooklyn,Bushwick,480,07-07-19,6.7
Manhattan,Washington Heights,34,15-06-19,0.35
Brooklyn,Carroll Gardens,6,08-08-15,0.06
Manhattan,Chelsea,3,13-05-18,0.04
Brooklyn,Park Slope,2,31-08-14,0.03
Brooklyn,Park Slope,20,24-08-18,0.21
Manhattan,Upper West Side,129,07-06-19,1.33
Manhattan,East Village,147,30-06-19,1.6
Brooklyn,South Slope,101,01-07-19,1.06
Manhattan,East Harlem,11,02-01-16,0.12
Manhattan,Upper West Side,11,15-10-13,0.12
Manhattan,Harlem,41,16-06-19,0.43
Brooklyn,Bedford-Stuyvesant,87,18-04-17,1.09
Bronx,University Heights,117,21-05-19,1.21
Brooklyn,Williamsburg,86,16-05-19,0.89
Brooklyn,Gravesend,0,,
Manhattan,East Harlem,15,15-02-16,0.16
Brooklyn,Fort Greene,35,02-07-19,0.55
Manhattan,Harlem,17,01-10-15,0.18
Manhattan,Lower East Side,3,15-02-16,0.04
Manhattan,Harlem,43,03-01-18,0.47
Manhattan,Harlem,168,06-07-19,4.6
Brooklyn,Greenpoint,241,24-06-19,2.49
Manhattan,Gramercy,105,23-06-19,1.13
Brooklyn,Bushwick,11,28-10-18,0.46
Manhattan,Upper West Side,30,05-05-18,0.33
Brooklyn,Crown Heights,31,23-10-18,0.32
Manhattan,East Village,49,07-05-19,0.51
Brooklyn,Williamsburg,23,13-04-19,0.24
Brooklyn,Greenpoint,20,24-06-19,0.21
Manhattan,Chelsea,18,24-06-19,0.9
Manhattan,Kips Bay,90,23-06-19,0.95
Manhattan,Lower East Side,99,27-06-19,1.04
Manhattan,Nolita,6,28-06-19,0.06
Queens,Astoria,21,01-12-18,0.22
Queens,Astoria,24,04-04-19,0.26
Manhattan,Harlem,111,02-06-19,1.17
Manhattan,East Harlem,86,20-06-19,0.91
Manhattan,West Village,66,29-04-19,0.69
Bronx,Allerton,271,20-06-19,2.84
Brooklyn,Williamsburg,227,18-06-19,2.4
Brooklyn,Williamsburg,80,06-07-19,1.55
Manhattan,West Village,5,03-12-18,0.07
Brooklyn,Bedford-Stuyvesant,187,10-06-19,1.97
Manhattan,Chelsea,2,28-08-15,0.02
Brooklyn,Williamsburg,1,01-01-16,0.02
Brooklyn,Prospect Heights,67,20-10-18,0.7
Manhattan,East Village,63,12-01-18,0.68
Manhattan,Hell's Kitchen,89,01-07-19,1
Manhattan,Chelsea,1,20-04-14,0.02
Brooklyn,East New York,177,29-06-19,1.86
Brooklyn,Crown Heights,90,30-06-19,0.94
Manhattan,Upper East Side,39,07-07-19,0.41
Brooklyn,Bedford-Stuyvesant,42,18-05-19,0.44
Brooklyn,Prospect Heights,33,08-05-19,0.35
Brooklyn,Park Slope,179,29-05-19,2.02
Manhattan,East Village,81,28-03-19,0.85
Manhattan,Hell's Kitchen,43,29-06-19,0.45
Brooklyn,Williamsburg,52,31-10-18,0.54
Queens,Sunnyside,160,25-06-19,1.68
Manhattan,Chelsea,23,21-05-18,0.27
Manhattan,Upper West Side,35,18-06-17,0.37
Manhattan,Washington Heights,225,12-06-19,2.35
Brooklyn,Prospect-Lefferts Gardens,401,04-07-19,6.62
Brooklyn,Prospect-Lefferts Gardens,72,17-06-19,0.84
Brooklyn,Williamsburg,46,30-12-18,0.97
Brooklyn,Bedford-Stuyvesant,83,23-06-19,1.19
Brooklyn,Park Slope,211,15-06-19,2.21
Brooklyn,Park Slope,15,14-06-15,0.16
Manhattan,Hell's Kitchen,122,23-06-19,1.29
Manhattan,Harlem,295,12-06-19,3.9
Brooklyn,Bedford-Stuyvesant,207,07-07-19,2.18
Manhattan,Harlem,50,30-03-19,0.65
Brooklyn,Williamsburg,273,24-06-19,2.85
Manhattan,Upper East Side,0,,
Manhattan,East Village,25,30-04-18,0.26
Brooklyn,Park Slope,105,11-05-19,1.62
Brooklyn,Bedford-Stuyvesant,72,26-12-16,0.76
Manhattan,Upper East Side,8,18-09-16,0.08
Brooklyn,Clinton Hill,58,04-06-19,0.61
Brooklyn,Williamsburg,8,17-09-15,0.09
Manhattan,Chinatown,172,02-07-19,1.84
Manhattan,Theater District,330,20-06-19,7.14
Brooklyn,Bedford-Stuyvesant,123,11-06-19,1.29
Brooklyn,Bushwick,55,30-04-19,0.59
Brooklyn,Williamsburg,87,03-07-19,0.99
Bronx,Concourse Village,258,25-06-19,2.7
Brooklyn,Fort Greene,4,27-08-18,0.18
Brooklyn,Williamsburg,31,26-05-19,0.33
Brooklyn,Sheepshead Bay,128,15-11-16,1.34
Brooklyn,Williamsburg,14,31-08-15,0.15
Brooklyn,Bedford-Stuyvesant,30,24-06-19,0.32
Queens,Sunnyside,258,28-05-19,2.9
Brooklyn,Greenpoint,228,25-04-18,2.39
Manhattan,East Village,60,01-07-19,0.65
Manhattan,West Village,9,30-06-19,0.2
Manhattan,Theater District,179,19-06-19,1.88
Brooklyn,Gowanus,9,23-06-16,0.1
Brooklyn,Bushwick,1,21-04-19,0.37
Manhattan,Lower East Side,25,29-08-18,0.49
Staten Island,Emerson Hill,2,08-02-18,0.05
Brooklyn,Bedford-Stuyvesant,152,25-06-19,1.6
Queens,Long Island City,24,31-03-19,0.25
Manhattan,Upper West Side,45,22-04-19,0.47
Brooklyn,Fort Hamilton,7,14-11-18,0.08
Manhattan,Harlem,19,03-06-19,0.35
Brooklyn,Bensonhurst,24,19-01-19,0.26
Brooklyn,Clinton Hill,8,14-10-17,0.09
Manhattan,Lower East Side,29,03-06-15,0.31
Manhattan,Lower East Side,14,20-07-15,0.15
Manhattan,Harlem,33,25-05-19,0.38
Manhattan,Harlem,99,28-02-19,1.04
Brooklyn,Bedford-Stuyvesant,59,05-01-17,0.62
Manhattan,East Village,142,16-06-19,1.5
Manhattan,NoHo,0,,
Brooklyn,Greenpoint,22,15-03-19,0.23
Manhattan,Tribeca,82,21-05-19,0.87
Brooklyn,Park Slope,23,15-09-18,0.24
Manhattan,Chelsea,32,08-05-19,0.34
Brooklyn,Prospect Heights,24,23-06-19,0.25
Manhattan,Harlem,59,26-10-18,0.63
Manhattan,Harlem,6,02-01-15,0.08
Brooklyn,Boerum Hill,18,05-07-18,0.21
Manhattan,Midtown,3,26-12-18,0.03
Brooklyn,Bedford-Stuyvesant,115,05-07-19,1.21
Brooklyn,Fort Greene,154,19-06-19,1.63
Brooklyn,Clinton Hill,164,01-07-19,1.73
Staten Island,Shore Acres,76,13-06-19,0.8
Brooklyn,Williamsburg,116,30-06-19,1.23
Brooklyn,Bedford-Stuyvesant,234,30-06-19,2.47
Manhattan,East Village,120,24-06-19,1.27
Brooklyn,Bedford-Stuyvesant,82,18-05-19,0.87
Manhattan,West Village,13,26-05-19,0.15
Manhattan,Chinatown,59,24-06-19,0.64
Brooklyn,Bedford-Stuyvesant,63,26-06-19,1.87
Manhattan,Hell's Kitchen,52,14-08-18,0.55
Manhattan,East Village,278,03-07-19,2.95
Brooklyn,Sunset Park,1,02-01-12,0.01
Brooklyn,Bedford-Stuyvesant,35,09-06-19,0.4
Bronx,Concourse,235,29-06-19,2.49
Manhattan,East Harlem,115,30-06-19,1.21
Manhattan,East Village,109,02-10-15,1.15
Manhattan,SoHo,1,09-07-13,0.01
Brooklyn,Bedford-Stuyvesant,305,27-06-19,3.24
Manhattan,East Harlem,102,18-06-19,1.52
Manhattan,Hell's Kitchen,83,31-05-19,0.88
Queens,Ridgewood,19,31-07-18,0.25
Manhattan,Midtown,61,18-05-19,0.65
Manhattan,Harlem,89,30-06-19,0.94
Queens,Long Island City,65,31-07-17,0.74
Brooklyn,South Slope,40,16-06-19,0.44
Manhattan,West Village,80,26-04-19,0.86
Manhattan,Midtown,136,19-06-19,1.45
Manhattan,Lower East Side,100,28-05-18,1.06
Brooklyn,Williamsburg,125,06-07-19,1.36
Brooklyn,DUMBO,40,14-04-19,0.5
Manhattan,East Village,0,,
Manhattan,Kips Bay,139,28-04-19,1.59
Manhattan,Greenwich Village,0,,
Manhattan,Chinatown,2,06-10-14,0.03
Queens,Ditmars Steinway,49,26-06-19,0.53
Manhattan,Lower East Side,8,18-05-18,0.11
Manhattan,Gramercy,0,,
Brooklyn,Fort Greene,124,25-05-19,1.32
Brooklyn,Prospect-Lefferts Gardens,5,19-12-18,0.12
Brooklyn,Prospect Heights,147,30-06-19,1.57
Brooklyn,Clinton Hill,43,14-04-19,0.46
Brooklyn,Bedford-Stuyvesant,8,03-01-19,0.33
Manhattan,West Village,37,02-01-19,0.39
Brooklyn,Clinton Hill,120,19-06-19,1.28
Brooklyn,Williamsburg,24,01-01-19,0.29
Brooklyn,Bedford-Stuyvesant,5,09-07-17,0.05
Brooklyn,Williamsburg,242,01-04-19,2.59
Manhattan,Inwood,229,21-06-19,2.45
Bronx,Kingsbridge,108,19-06-19,1.36
Brooklyn,Bedford-Stuyvesant,181,05-06-19,1.92
Manhattan,Chelsea,34,01-07-19,0.39
Brooklyn,Crown Heights,5,02-10-16,0.05
Manhattan,Gramercy,5,17-08-15,0.06
Queens,Elmhurst,60,25-06-19,0.64
Manhattan,Lower East Side,238,23-06-19,2.59
Brooklyn,Greenpoint,34,22-04-19,0.37
Manhattan,West Village,131,24-06-19,1.4
Manhattan,West Village,6,28-06-17,0.16
Manhattan,Washington Heights,4,03-07-15,0.06
Brooklyn,Bedford-Stuyvesant,7,07-10-18,0.08
Brooklyn,Williamsburg,125,07-07-19,3.04
Brooklyn,Crown Heights,0,,
Manhattan,Chinatown,49,03-12-14,0.58
Manhattan,Harlem,11,25-09-17,0.12
Manhattan,Harlem,0,,
Manhattan,Greenwich Village,107,23-05-19,1.15
Brooklyn,Williamsburg,241,29-06-19,2.6
Manhattan,Upper West Side,176,29-06-19,1.89
Manhattan,Chinatown,151,16-06-19,1.63
Manhattan,East Harlem,49,09-08-18,0.53
Brooklyn,Sunset Park,13,01-09-18,0.14
Brooklyn,Greenpoint,33,24-06-19,0.47
Brooklyn,Greenpoint,24,06-11-18,0.32
Brooklyn,Greenpoint,59,24-06-19,0.66
Brooklyn,Brighton Beach,2,25-06-15,0.04
Manhattan,Upper West Side,16,28-06-19,0.23
Manhattan,Harlem,72,26-11-18,0.77
Brooklyn,Greenpoint,24,25-04-19,0.26
Brooklyn,Greenpoint,23,22-06-19,0.26
Brooklyn,Greenpoint,43,02-07-19,0.47
Brooklyn,Greenpoint,30,03-07-19,0.32
Brooklyn,Greenpoint,39,29-06-19,0.44
Brooklyn,Greenpoint,8,26-07-18,0.09
Brooklyn,Greenpoint,3,03-11-15,0.03
Brooklyn,Greenpoint,6,19-04-18,0.1
Brooklyn,Greenpoint,4,04-12-15,0.05
Queens,Jackson Heights,56,06-07-19,0.66
Brooklyn,Greenpoint,7,16-11-18,0.08
Brooklyn,Clinton Hill,2,13-01-14,0.03
Brooklyn,Bushwick,178,24-06-19,2.69
Brooklyn,Williamsburg,30,31-05-19,0.8
Brooklyn,Bedford-Stuyvesant,190,23-06-19,2.04
Manhattan,Nolita,25,30-06-19,0.27
Queens,Sunnyside,81,31-05-19,0.98
Manhattan,Chelsea,7,22-06-19,0.08
Brooklyn,Cobble Hill,216,01-07-19,2.31
Brooklyn,Bedford-Stuyvesant,31,28-01-19,0.33
Brooklyn,Cypress Hills,53,12-08-17,0.57
Brooklyn,Williamsburg,247,21-06-19,2.65
Brooklyn,Clinton Hill,233,10-04-19,2.5
Brooklyn,Park Slope,135,24-06-19,1.45
Queens,St. Albans,20,30-12-15,0.23
Manhattan,West Village,46,02-06-19,0.5
Manhattan,Chelsea,10,26-10-14,0.12
Manhattan,Harlem,143,30-06-18,2.83
Staten Island,Arrochar,21,22-05-19,0.26
Staten Island,Arrochar,0,,
Staten Island,Arrochar,8,19-05-19,0.09
Brooklyn,Fort Greene,4,28-08-17,0.05
Manhattan,Upper East Side,314,01-07-19,3.45
Brooklyn,Bedford-Stuyvesant,18,18-06-19,0.25
Manhattan,West Village,11,27-05-15,0.12
Manhattan,Financial District,51,02-06-19,0.55
Manhattan,Chelsea,20,01-04-17,0.33
Manhattan,West Village,8,30-12-17,0.12
Manhattan,Lower East Side,59,06-06-19,0.63
Brooklyn,East Flatbush,54,24-06-19,0.62
Manhattan,Lower East Side,10,31-12-18,0.46
Manhattan,West Village,153,25-06-19,1.66
Brooklyn,Fort Greene,110,02-06-19,1.2
Manhattan,East Village,69,01-01-19,0.91
Manhattan,Harlem,1,27-01-19,0.18
Brooklyn,Williamsburg,24,19-08-15,0.26
Queens,Sunnyside,95,02-01-19,1.02
Manhattan,Upper West Side,129,28-04-19,1.41
Manhattan,Morningside Heights,171,31-03-19,1.84
Brooklyn,Crown Heights,20,09-06-19,0.59
Brooklyn,Cypress Hills,17,03-05-17,0.27
Manhattan,Theater District,8,08-01-15,0.09
Manhattan,Upper East Side,11,01-11-15,0.12
Manhattan,Nolita,5,05-07-18,0.09
Brooklyn,Williamsburg,0,,
Manhattan,Upper West Side,36,19-03-19,0.39
Manhattan,Upper West Side,16,31-03-19,0.17
Brooklyn,Fort Greene,5,12-07-18,0.12
Manhattan,Chelsea,0,,
Manhattan,Lower East Side,68,03-06-19,0.77
Manhattan,Little Italy,89,30-06-18,0.99
Manhattan,Financial District,10,24-06-19,1.02
Queens,Rego Park,38,01-07-19,0.85
Bronx,Wakefield,15,09-06-19,0.17
Brooklyn,Kensington,20,21-01-19,0.42
Manhattan,East Harlem,25,15-06-19,0.96
Manhattan,Harlem,35,27-05-19,0.42
Brooklyn,Williamsburg,1,24-09-13,0.01
Manhattan,Chelsea,64,02-06-19,0.7
Brooklyn,Crown Heights,26,16-02-19,0.33
Queens,Long Island City,244,25-06-19,2.74
Brooklyn,Bushwick,21,15-01-19,0.29
Queens,Woodside,270,07-07-19,2.95
Brooklyn,Bedford-Stuyvesant,16,27-03-19,0.19
Manhattan,East Village,24,27-06-19,0.26
Brooklyn,Williamsburg,30,28-06-19,0.33
Brooklyn,Williamsburg,5,07-09-15,0.06
Brooklyn,Prospect-Lefferts Gardens,115,12-06-19,1.25
Brooklyn,Bedford-Stuyvesant,9,25-06-19,0.19
Brooklyn,Bedford-Stuyvesant,45,26-05-19,0.52
Manhattan,Midtown,19,08-09-15,0.21
Manhattan,Upper East Side,5,31-12-18,0.08
Manhattan,Greenwich Village,203,20-06-19,2.22
Manhattan,Washington Heights,20,02-01-18,0.41
Manhattan,East Village,49,27-10-18,0.53
Brooklyn,Greenpoint,6,21-04-19,0.07
Brooklyn,Fort Greene,7,18-06-17,0.08
Brooklyn,Williamsburg,35,30-06-19,0.38
Manhattan,West Village,28,25-09-18,0.31
Manhattan,East Harlem,0,,
Manhattan,Harlem,54,24-06-19,0.88
Brooklyn,Bushwick,115,25-06-19,1.75
Brooklyn,Clinton Hill,6,24-06-19,0.13
Manhattan,Upper East Side,1,31-08-14,0.02
Brooklyn,Bedford-Stuyvesant,204,30-06-19,2.31
Brooklyn,Sunset Park,1,01-09-16,0.03
Brooklyn,Prospect Heights,89,23-06-19,0.97
Manhattan,Harlem,130,02-06-19,1.42
Brooklyn,Greenpoint,15,08-06-19,0.25
Manhattan,East Village,52,13-05-19,0.6
Brooklyn,Prospect-Lefferts Gardens,58,29-12-17,0.63
Manhattan,East Harlem,208,11-06-19,2.32
Queens,Astoria,3,20-06-17,0.03
Manhattan,West Village,7,21-04-13,0.08
Brooklyn,Crown Heights,1,18-03-17,0.04
Manhattan,Harlem,2,10-04-18,0.06
Brooklyn,Bedford-Stuyvesant,122,02-07-19,1.37
Brooklyn,Bedford-Stuyvesant,63,18-06-19,0.72
Brooklyn,Crown Heights,26,31-10-14,0.28
Manhattan,West Village,1,02-10-12,0.01
Brooklyn,Greenpoint,14,19-06-19,0.16
Manhattan,Harlem,107,25-06-19,2.38
Brooklyn,Kensington,3,30-07-17,0.05
Manhattan,Chinatown,107,18-05-19,1.17
Brooklyn,Bedford-Stuyvesant,29,25-06-19,1.57
Brooklyn,Gowanus,69,21-06-19,0.76
Brooklyn,Park Slope,232,06-07-19,2.52
Brooklyn,Cypress Hills,0,,
Manhattan,East Village,24,10-08-18,0.26
Brooklyn,Williamsburg,0,,
Brooklyn,Williamsburg,5,03-08-16,0.06
Manhattan,Hell's Kitchen,10,21-04-19,0.23
Brooklyn,South Slope,36,12-11-18,0.47
Manhattan,West Village,94,19-06-19,1.1
Manhattan,East Village,1,06-05-13,0.01
Manhattan,Chelsea,63,03-08-18,0.71
Brooklyn,Bushwick,5,11-09-13,0.06
Brooklyn,Crown Heights,238,02-07-19,2.6
Manhattan,Harlem,101,31-10-15,1.1
Brooklyn,Bedford-Stuyvesant,21,24-06-19,0.23
Manhattan,Hell's Kitchen,72,31-07-18,0.82
Brooklyn,Bedford-Stuyvesant,40,23-06-19,0.68
Brooklyn,Cobble Hill,103,01-08-17,1.13
Brooklyn,Williamsburg,66,01-05-19,0.72
Brooklyn,Fort Greene,35,27-06-19,0.4
Brooklyn,Carroll Gardens,121,01-07-19,1.33
Manhattan,East Village,15,29-08-18,0.19
Brooklyn,Carroll Gardens,13,05-09-16,0.18
Manhattan,East Village,129,11-05-19,1.42
Manhattan,West Village,157,11-08-16,1.71
Manhattan,SoHo,8,26-11-16,0.11
Queens,Long Island City,5,09-09-14,0.06
Brooklyn,Greenpoint,46,23-06-19,0.52
Manhattan,Chinatown,37,16-02-19,0.41
Manhattan,Upper West Side,14,25-06-19,0.16
Brooklyn,Crown Heights,37,15-04-18,0.45
Queens,Astoria,1,30-08-16,0.03
Manhattan,West Village,209,04-07-19,2.38
Manhattan,Hell's Kitchen,4,12-09-18,0.07
Brooklyn,Bushwick,17,01-04-19,0.19
Brooklyn,Crown Heights,0,,
Manhattan,Harlem,0,,
Brooklyn,Williamsburg,54,11-06-19,0.66
Brooklyn,Greenpoint,43,22-06-19,0.49
Queens,Astoria,7,18-04-17,0.08
Brooklyn,Greenpoint,75,05-06-19,0.93
Manhattan,Upper West Side,88,07-06-19,0.99
Brooklyn,Greenpoint,73,30-06-19,0.84
Brooklyn,Greenpoint,89,01-07-19,1.06
Brooklyn,Greenpoint,23,23-04-19,0.26
Brooklyn,Williamsburg,11,23-06-19,0.16
Brooklyn,Williamsburg,84,16-02-19,1.12
Brooklyn,Greenpoint,54,10-06-19,0.61
Brooklyn,Williamsburg,17,20-05-15,0.19
Brooklyn,Williamsburg,1,24-03-14,0.02
Brooklyn,Williamsburg,73,19-06-19,0.89
Manhattan,Upper West Side,36,01-05-19,0.47
Brooklyn,Williamsburg,98,31-05-19,1.07
Queens,Elmhurst,63,18-05-19,0.89
Brooklyn,Crown Heights,2,21-09-17,0.09
Brooklyn,Bedford-Stuyvesant,18,10-10-18,0.2
Brooklyn,Williamsburg,24,04-12-13,0.28
Brooklyn,Fort Greene,1,13-05-18,0.07
Brooklyn,Williamsburg,2,02-01-18,0.05
Brooklyn,Williamsburg,23,08-11-16,0.25
Brooklyn,Bedford-Stuyvesant,93,07-07-19,1.12
Brooklyn,Williamsburg,0,,
Manhattan,Upper East Side,0,,
Manhattan,SoHo,152,23-06-19,1.69
Brooklyn,East New York,119,30-06-19,1.39
Brooklyn,Greenpoint,9,02-04-18,0.1
Manhattan,Harlem,44,26-06-19,0.49
Brooklyn,Flatbush,158,02-01-19,1.77
Manhattan,East Harlem,12,26-03-16,0.14
Manhattan,East Harlem,51,04-05-19,0.57
Manhattan,Upper West Side,0,,
Manhattan,Upper West Side,11,09-06-19,0.13
Brooklyn,Williamsburg,236,18-06-19,2.74
Brooklyn,Fort Greene,16,01-09-18,0.18
Brooklyn,Bushwick,123,28-02-19,1.42
Manhattan,Upper West Side,14,19-08-15,0.22
Brooklyn,Greenpoint,65,30-12-18,0.73
Staten Island,Clifton,50,03-06-19,0.56
Manhattan,Harlem,33,10-06-19,0.39
Manhattan,Harlem,30,01-01-19,0.35
Brooklyn,Bedford-Stuyvesant,13,31-01-19,0.15
Manhattan,Upper West Side,18,07-06-19,0.2
Brooklyn,Crown Heights,1,21-04-13,0.01
Manhattan,East Harlem,216,14-05-19,2.44
Queens,Ridgewood,98,01-05-19,1.09
Brooklyn,Prospect Heights,61,02-06-19,0.86
Manhattan,Lower East Side,13,23-04-19,0.34
Manhattan,East Village,136,01-07-19,1.52
Brooklyn,Bedford-Stuyvesant,39,09-06-19,0.47
Manhattan,West Village,65,01-07-19,0.73
Brooklyn,Kensington,62,02-01-19,0.71
Manhattan,Harlem,47,30-06-19,0.57
Brooklyn,Bushwick,42,20-06-19,0.48
Brooklyn,Williamsburg,207,16-06-19,2.29
Brooklyn,Bay Ridge,72,03-07-19,0.81
Brooklyn,Greenpoint,22,02-05-19,0.25
Manhattan,Harlem,25,31-03-19,0.28
Brooklyn,South Slope,215,30-06-19,2.42
Brooklyn,Williamsburg,26,24-06-17,0.73
Manhattan,Gramercy,18,02-01-18,0.21
Manhattan,Washington Heights,18,31-12-18,0.21
Brooklyn,Williamsburg,320,07-07-19,3.6
Brooklyn,Williamsburg,160,02-07-19,1.8
Manhattan,West Village,78,08-02-19,1.22
Manhattan,Upper West Side,64,03-08-18,0.72
Brooklyn,Williamsburg,219,19-06-19,2.44
Manhattan,Upper East Side,66,10-12-17,0.94
Brooklyn,Williamsburg,25,22-12-18,0.29
Manhattan,Upper East Side,102,28-06-19,1.15
Manhattan,Upper East Side,32,23-06-19,0.47
Brooklyn,Clinton Hill,15,22-04-19,0.18
Manhattan,East Village,1,16-11-15,0.02
Manhattan,Kips Bay,12,30-06-19,0.14
Manhattan,Midtown,19,11-06-19,0.27
Manhattan,Upper West Side,297,24-06-19,3.37
Brooklyn,Crown Heights,12,07-07-19,0.13
Brooklyn,Flatbush,9,02-01-17,0.11
Manhattan,Chinatown,9,14-05-16,0.1
Manhattan,Inwood,46,25-05-19,0.62
Brooklyn,Williamsburg,42,24-06-19,0.47
Manhattan,Hell's Kitchen,118,01-07-19,2.11
Brooklyn,Williamsburg,53,03-05-19,0.6
Manhattan,Harlem,15,24-06-19,0.21
Brooklyn,East Flatbush,64,11-05-19,0.72
Brooklyn,East Flatbush,51,27-04-19,0.58
Brooklyn,East Flatbush,79,29-04-19,0.88
Manhattan,Harlem,202,19-06-19,2.29
Manhattan,Upper West Side,23,31-12-18,0.63
Manhattan,Hell's Kitchen,62,01-06-19,0.76
Manhattan,Upper West Side,36,23-08-15,0.45
Manhattan,Upper East Side,16,16-06-19,0.19
Manhattan,Hell's Kitchen,24,21-09-17,0.27
Manhattan,Harlem,77,01-07-19,0.88
Manhattan,Hell's Kitchen,110,26-05-19,1.27
Manhattan,Harlem,56,16-07-18,0.64
Manhattan,West Village,7,07-06-12,0.08
Manhattan,Flatiron District,0,,
Brooklyn,Sunset Park,19,13-07-16,0.22
Manhattan,Greenwich Village,7,31-05-15,0.09
Manhattan,Lower East Side,53,28-10-14,0.6
Manhattan,East Village,265,24-06-19,2.99
Brooklyn,Williamsburg,0,,
Brooklyn,Park Slope,8,02-01-18,0.1
Brooklyn,Crown Heights,46,19-06-18,0.52
Brooklyn,Park Slope,6,04-11-18,0.08
Manhattan,Chelsea,75,01-07-19,0.86
Brooklyn,Prospect-Lefferts Gardens,11,23-06-19,0.13
Manhattan,Upper East Side,5,29-06-19,1.47
Manhattan,Chinatown,132,23-06-19,1.49
Manhattan,East Village,41,07-06-19,0.47
Brooklyn,Prospect-Lefferts Gardens,34,07-04-19,0.39
Brooklyn,Crown Heights,34,09-06-14,0.39
Manhattan,Midtown,27,01-03-19,0.31
Brooklyn,Williamsburg,30,13-04-19,0.34
Manhattan,Midtown,214,02-06-19,2.45
Manhattan,Upper East Side,12,15-04-18,0.14
Manhattan,Harlem,6,30-07-18,0.09
Manhattan,Upper West Side,0,,
Brooklyn,Williamsburg,156,04-07-19,1.8
Brooklyn,Park Slope,30,29-12-18,0.74
Brooklyn,Crown Heights,1,04-09-14,0.02
Brooklyn,Greenpoint,3,24-04-19,0.09
Brooklyn,Williamsburg,272,27-06-19,3.18
Brooklyn,Prospect Heights,63,01-01-19,0.82
Manhattan,East Village,58,01-07-19,0.66
Brooklyn,Greenpoint,5,12-10-15,0.1
Brooklyn,Williamsburg,63,30-06-19,0.71
Brooklyn,Bedford-Stuyvesant,268,02-07-19,3.04
Staten Island,Graniteville,80,26-05-19,0.92
Manhattan,Upper West Side,22,14-04-17,0.25
Manhattan,Hell's Kitchen,13,17-06-19,0.15
Brooklyn,Park Slope,23,30-04-19,0.67
Brooklyn,Sheepshead Bay,3,04-12-18,0.08
Manhattan,Harlem,10,24-10-18,0.12
Manhattan,Harlem,14,04-04-19,0.16
Manhattan,Inwood,20,06-06-19,0.28
Brooklyn,Williamsburg,2,15-05-15,0.02
Bronx,Spuyten Duyvil,47,03-07-19,1.22
Staten Island,Stapleton,6,01-01-19,0.19
Manhattan,Upper East Side,93,07-06-19,1.06
Manhattan,Midtown,116,03-01-16,1.32
Manhattan,Kips Bay,15,04-09-18,0.17
Manhattan,Harlem,70,03-06-19,0.8
Manhattan,Washington Heights,4,04-03-19,0.41
Manhattan,Gramercy,128,11-06-19,1.46
Queens,Briarwood,59,09-11-18,0.69
Queens,Ozone Park,8,30-09-15,0.11
Brooklyn,Columbia St,106,24-06-19,1.22
Brooklyn,Williamsburg,15,26-06-19,0.57
Manhattan,Hell's Kitchen,133,05-05-19,1.51
Manhattan,Financial District,27,25-05-19,0.31
Manhattan,Nolita,61,02-01-18,0.7
Brooklyn,Greenpoint,2,08-10-18,0.02
Queens,Briarwood,16,01-01-17,0.18
Manhattan,Flatiron District,0,,
Manhattan,Harlem,38,16-05-19,0.44
Manhattan,Upper West Side,25,22-06-13,0.28
Manhattan,East Village,93,17-11-15,1.05
Manhattan,Harlem,6,05-09-17,0.07
Manhattan,Upper East Side,30,04-12-16,0.34
Brooklyn,South Slope,17,05-07-19,0.46
Manhattan,Lower East Side,67,16-05-19,0.77
Brooklyn,Bushwick,53,30-06-17,0.68
Brooklyn,Prospect-Lefferts Gardens,32,11-10-16,0.37
Brooklyn,Carroll Gardens,131,23-06-19,1.84
Manhattan,Upper East Side,19,21-05-19,0.22
Manhattan,Harlem,0,,
Manhattan,East Harlem,74,28-05-19,0.84
Manhattan,Midtown,165,03-07-19,1.88
Manhattan,East Village,16,02-01-19,0.18
